{
  "sigma": 2000,
  "window_size": 100000,
  "n_perms": 50,
  "real": {
    "wc_rate": 0.26373626373626374,
    "sep_ratio": 1.136070355869045,
    "d_AT": 3.5712246812690682,
    "d_CG": 2.2422077473133886,
    "d_inter": 5.22058108039539,
    "distance_ratio": 0.556780206940313
  },
  "null": {
    "wc_rates": [
      0.27472527472527475,
      0.1978021978021978,
      0.31868131868131866,
      0.2967032967032967,
      0.25274725274725274,
      0.2967032967032967,
      0.26373626373626374,
      0.2087912087912088,
      0.1978021978021978,
      0.21978021978021978,
      0.23076923076923078,
      0.23076923076923078,
      0.32967032967032966,
      0.2087912087912088,
      0.24175824175824176,
      0.2087912087912088,
      0.32967032967032966,
      0.21978021978021978,
      0.27472527472527475,
      0.2967032967032967,
      0.18681318681318682,
      0.2857142857142857,
      0.21978021978021978,
      0.23076923076923078,
      0.26373626373626374,
      0.24175824175824176,
      0.26373626373626374,
      0.32967032967032966,
      0.2967032967032967,
      0.31868131868131866,
      0.24175824175824176,
      0.21978021978021978,
      0.24175824175824176,
      0.25274725274725274,
      0.1978021978021978,
      0.21978021978021978,
      0.14285714285714285,
      0.23076923076923078,
      0.2967032967032967,
      0.27472527472527475,
      0.2967032967032967,
      0.18681318681318682,
      0.23076923076923078,
      0.37362637362637363,
      0.16483516483516483,
      0.3076923076923077,
      0.25274725274725274,
      0.3516483516483517,
      0.2967032967032967,
      0.27472527472527475
    ],
    "sep_ratios": [
      1.2158662358160726,
      1.2026329107946863,
      1.2190010045981714,
      1.2841677252991945,
      1.2345602089661571,
      1.2436375535132198,
      1.2099516262843433,
      1.2203382310304711,
      1.2086294843034397,
      1.2317851420064199,
      1.1919297957569208,
      1.2584202216657243,
      1.2864956714518716,
      1.2097834497062394,
      1.2031371728912328,
      1.2324365215949018,
      1.2689229351432199,
      1.1885015406010058,
      1.2691836932356568,
      1.2533825378263026,
      1.197637812878242,
      1.249182267489602,
      1.2130796810312496,
      1.215072362315824,
      1.2569964657621817,
      1.202376351934544,
      1.231949942797425,
      1.3011870133729213,
      1.2351384694508059,
      1.2588405998149361,
      1.236659561992667,
      1.226483801220885,
      1.210964361439342,
      1.274742125951474,
      1.1811803517575656,
      1.202569949830226,
      1.1663693238155544,
      1.2144915182861513,
      1.2304349858448267,
      1.2976128284548232,
      1.2379956844825297,
      1.1748939656323187,
      1.2254258332991788,
      1.2736729698248173,
      1.1570040470104273,
      1.3141778238582658,
      1.2126192368235178,
      1.242622951400245,
      1.2191789211973458,
      1.2508913284233119
    ],
    "distance_ratios": [
      0.9285092816352541,
      0.7497836990596952,
      0.61086142346987,
      0.8136063901124381,
      0.9867635379347572,
      0.6541462474704337,
      0.8464778464752288,
      0.7467334648803917,
      0.8688788903114267,
      0.6054376712580436,
      0.8457573381663004,
      0.9528128517689931,
      0.6061380118438744,
      0.7989944732534737,
      0.7441829115357671,
      0.656626265728898,
      0.8750194372133422,
      1.0274070906950439,
      0.4957185170359432,
      0.8402718421511867,
      0.7095282502106104,
      0.9920746466631944,
      0.5453755963912299,
      0.8135326498335886,
      0.38988240110113,
      0.9863081463376091,
      0.600408791170064,
      0.6931241163017786,
      0.809422292460423,
      0.7886105368614823,
      0.7859722606832951,
      0.8530585398018269,
      0.6463212203957867,
      0.7082322378690583,
      0.8086552949454966,
      0.7565384341928032,
      0.911804787274295,
      0.7398700555400579,
      0.7904663331062269,
      0.8742905748462482,
      0.3469829967285598,
      0.653840713025828,
      0.4719429356318596,
      0.5707177442086098,
      0.7826398169919347,
      1.004003060917489,
      0.7684201335746262,
      0.7435338298922725,
      0.5996588994950294,
      0.8693299006827132
    ]
  },
  "p_values": {
    "wc_rate": 0.46,
    "sep_ratio": 1.0,
    "d_AT": 0.46,
    "d_CG": 0.12,
    "distance_ratio": 0.1
  }
}