{
  "sigma": 30,
  "window_size": 5000,
  "n_perms": 50,
  "real": {
    "wc_rate": 0.28140161725067386,
    "sep_ratio": 1.2016601554699669,
    "d_AT": 2.784874020241801,
    "d_CG": 0.9732901573600643,
    "d_inter": 5.451628265899984,
    "distance_ratio": 0.34468272544454637
  },
  "null": {
    "wc_rates": [
      0.11159029649595688,
      0.1326145552560647,
      0.10943396226415095,
      0.11590296495956873,
      0.1326145552560647,
      0.12075471698113208,
      0.11266846361185984,
      0.11374663072776281,
      0.11320754716981132,
      0.11482479784366577,
      0.10673854447439353,
      0.11159029649595688,
      0.12021563342318059,
      0.11913746630727763,
      0.11374663072776281,
      0.1293800539083558,
      0.11805929919137466,
      0.1078167115902965,
      0.11536388140161725,
      0.12021563342318059,
      0.11859838274932614,
      0.12021563342318059,
      0.10997304582210242,
      0.11428571428571428,
      0.11159029649595688,
      0.12237196765498652,
      0.11320754716981132,
      0.12183288409703504,
      0.11859838274932614,
      0.12075471698113208,
      0.12452830188679245,
      0.11644204851752021,
      0.11266846361185984,
      0.1234501347708895,
      0.11266846361185984,
      0.10943396226415095,
      0.10835579514824797,
      0.10619946091644204,
      0.11590296495956873,
      0.10997304582210242,
      0.11590296495956873,
      0.12398921832884097,
      0.11320754716981132,
      0.11266846361185984,
      0.10997304582210242,
      0.11913746630727763,
      0.12237196765498652,
      0.1234501347708895,
      0.1196765498652291,
      0.10997304582210242
    ],
    "sep_ratios": [
      1.035290534208296,
      1.0482797844339753,
      1.0401971840143667,
      1.044476393604343,
      1.0417379819067798,
      1.0450085919091012,
      1.0282507334095534,
      1.0300052670468656,
      1.0268271895666283,
      1.0371164093246819,
      1.0332754897270366,
      1.0275088960459595,
      1.0378708809926005,
      1.0415572815472671,
      1.039367967540485,
      1.045630380367641,
      1.038779343561785,
      1.0335076758944388,
      1.0331325885442901,
      1.043290455194144,
      1.0512866952983204,
      1.0427091636603953,
      1.038561820603242,
      1.0328502148297323,
      1.037517696972622,
      1.0391091835745978,
      1.0355008191942494,
      1.0372972447170292,
      1.0328936047849944,
      1.0365541896135366,
      1.0475270359207227,
      1.0397186218688812,
      1.0388551576239118,
      1.0363256166459094,
      1.028749884791186,
      1.035825777081252,
      1.0342879487524113,
      1.031198149084506,
      1.0421058971737456,
      1.0360470941444084,
      1.036920110317009,
      1.03913231819131,
      1.037429628591765,
      1.0276120821884436,
      1.0338472127439868,
      1.0376545861179112,
      1.052117822620135,
      1.027643637858911,
      1.036856747067851,
      1.0298779119126793
    ],
    "distance_ratios": [
      0.5480599161165991,
      0.5224451717655684,
      0.6477557323101611,
      0.6238940855573939,
      0.6289901214554074,
      0.4432220139024063,
      0.6654999982906112,
      0.5355160766433805,
      0.7035656229893534,
      0.5324138777504747,
      0.2470579574928095,
      0.633261159070422,
      0.6845077743451242,
      0.654959453146848,
      0.6931917731830025,
      0.5733975279650907,
      0.6217270464612484,
      0.5953069748693605,
      0.5816143001435148,
      0.478761900437236,
      0.5728256267480024,
      0.6447222020174564,
      0.47333756219963125,
      0.5370971516264536,
      0.530304133300383,
      0.5876244574664267,
      0.7318001240904011,
      0.6535653766466472,
      0.748813855593716,
      0.4669455204346518,
      0.6588811446787246,
      0.6167889838896539,
      0.5697256151497496,
      0.4992402718757939,
      0.5704351199927911,
      0.5652667038534,
      0.45661407435510853,
      0.597718881599965,
      0.5628891763619471,
      0.632662426657096,
      0.5848907772591966,
      0.6747817835641009,
      0.3433394458829413,
      0.5835675455874845,
      0.3472191945972233,
      0.5992758305619388,
      0.4518362589766004,
      0.6441405244091145,
      0.39511638462126936,
      0.46160135456449325
    ]
  },
  "p_values": {
    "wc_rate": 0.0,
    "sep_ratio": 0.0,
    "d_AT": 0.28,
    "d_CG": 0.0,
    "distance_ratio": 0.04
  }
}